"series","population","sipp_estimate","external_value","gap_pp","vintage","sipp_concept","source"
"access","Private industry workers",0.5094,0.72,-21.1,"March 2024","access, worker-reported, offered-and-eligible concept, December-employed ages 18-64","BLS National Compensation Survey: Employee Benefits in the United States, March 2024, Table 1 (news release ebs2_09192024, verified 2026-09-08). Establishment-reported availability of retirement benefits."
"participation","Private industry workers",0.4425,0.53,-8.8,"March 2024","participation, worker-reported, offered-and-eligible concept, December-employed ages 18-64","BLS NCS Employee Benefits March 2024, Table 1 (ebs2_09192024, verified 2026-09-08)."
"takeup","Private industry workers",0.9209,0.73,19.1,"March 2024","participation among workers with plan-type-observed employer access (self/proxy-reported)","BLS NCS Employee Benefits March 2024, Table 1 (ebs2_09192024, verified 2026-09-08). Take-up = participation among workers with access."
"access","Civilian workers (private + state/local gov)",0.5309,0.75,-21.9,"March 2024","access, worker-reported, offered-and-eligible concept, December-employed ages 18-64","BLS NCS Employee Benefits March 2024, Table 1 (ebs2_09192024, verified 2026-09-08). BLS civilian scope excludes federal workers, the self-employed, and the military."
"participation","Civilian workers (private + state/local gov)",0.4569,0.57,-11.3,"March 2024","participation, worker-reported, offered-and-eligible concept, December-employed ages 18-64","BLS NCS Employee Benefits March 2024, Table 1 (ebs2_09192024, verified 2026-09-08)."
"takeup","Civilian workers (private + state/local gov)",0.9152,0.76,15.5,"March 2024","participation among workers with plan-type-observed employer access (self/proxy-reported)","BLS NCS Employee Benefits March 2024, Table 1 (ebs2_09192024, verified 2026-09-08)."
"access","State and local government workers",0.6814,0.92,-23.9,"March 2024","access, worker-reported, offered-and-eligible concept, December-employed ages 18-64","BLS NCS Employee Benefits March 2024, Table 1 (ebs2_09192024, verified 2026-09-08)."
"participation","State and local government workers",0.5572,0.82,-26.3,"March 2024","participation, worker-reported, offered-and-eligible concept, December-employed ages 18-64","BLS NCS Employee Benefits March 2024, Table 1 (ebs2_09192024, verified 2026-09-08)."
"takeup","State and local government workers",0.8852,0.89,-0.5,"March 2024","participation among workers with plan-type-observed employer access (self/proxy-reported)","BLS NCS Employee Benefits March 2024, Table 1 (ebs2_09192024, verified 2026-09-08)."
